{
  "crops": [
    {
      "name": "Wheat",
      "icon": "🌾",
      "season": "Rabi (Winter)",
      "water": "Moderate",
      "days_to_harvest": 120,
      "soil": "Loamy, Well-drained",
      "temp_range": "10-25°C",
      "spacing": "15-20 cm rows",
      "fertilizer": "NPK 120:60:40 kg/ha",
      "common_pests": ["Aphids", "Rust", "Powdery Mildew"],
      "tips": "Sow after first rain, ensure proper drainage"
    },
    {
      "name": "Rice",
      "icon": "🌾",
      "season": "Kharif (Summer)",
      "water": "High",
      "days_to_harvest": 150,
      "soil": "Clay, Waterlogged",
      "temp_range": "20-35°C",
      "spacing": "20x15 cm",
      "fertilizer": "NPK 100:50:50 kg/ha",
      "common_pests": ["Brown Planthopper", "Stem Borer", "Blast"],
      "tips": "Maintain 2-5 cm water level during growth"
    },
    {
      "name": "Corn / Maize",
      "icon": "🌽",
      "season": "Kharif (Summer)",
      "water": "Moderate",
      "days_to_harvest": 90,
      "soil": "Sandy Loam, Well-drained",
      "temp_range": "18-32°C",
      "spacing": "60x25 cm",
      "fertilizer": "NPK 150:75:75 kg/ha",
      "common_pests": ["Fall Armyworm", "Corn Borer", "Aphids"],
      "tips": "Critical irrigation at silking and grain-filling stage"
    },
    {
      "name": "Tomato",
      "icon": "🍅",
      "season": "Year-round",
      "water": "Moderate",
      "days_to_harvest": 75,
      "soil": "Loamy, Sandy Loam",
      "temp_range": "15-30°C",
      "spacing": "60x45 cm",
      "fertilizer": "NPK 120:80:80 kg/ha",
      "common_pests": ["Whitefly", "Leaf Curl Virus", "Early Blight"],
      "tips": "Stake plants, remove suckers for better yield"
    },
    {
      "name": "Potato",
      "icon": "🥔",
      "season": "Rabi (Winter)",
      "water": "Moderate",
      "days_to_harvest": 90,
      "soil": "Sandy Loam, Loose",
      "temp_range": "15-25°C",
      "spacing": "60x20 cm",
      "fertilizer": "NPK 150:100:120 kg/ha",
      "common_pests": ["Late Blight", "Aphids", "Colorado Beetle"],
      "tips": "Earth up soil around plants to prevent greening"
    },
    {
      "name": "Onion",
      "icon": "🧅",
      "season": "Rabi (Winter)",
      "water": "Low",
      "days_to_harvest": 120,
      "soil": "Sandy Loam, Well-drained",
      "temp_range": "13-24°C",
      "spacing": "15x10 cm",
      "fertilizer": "NPK 100:50:50 kg/ha",
      "common_pests": ["Thrips", "Purple Blotch", "Basal Rot"],
      "tips": "Stop irrigation 2 weeks before harvest for bulb curing"
    },
    {
      "name": "Soybean",
      "icon": "🫘",
      "season": "Kharif (Summer)",
      "water": "Low",
      "days_to_harvest": 100,
      "soil": "Loamy, Well-drained",
      "temp_range": "20-30°C",
      "spacing": "45x5 cm",
      "fertilizer": "NPK 30:60:40 kg/ha",
      "common_pests": ["Girdle Beetle", "Stem Fly", "Yellow Mosaic"],
      "tips": "Rhizobium seed treatment reduces nitrogen fertilizer need"
    },
    {
      "name": "Cotton",
      "icon": "🌿",
      "season": "Kharif (Summer)",
      "water": "Moderate",
      "days_to_harvest": 180,
      "soil": "Black Cotton Soil, Deep",
      "temp_range": "21-35°C",
      "spacing": "90x60 cm",
      "fertilizer": "NPK 120:60:60 kg/ha",
      "common_pests": ["Bollworm", "Whitefly", "Aphids"],
      "tips": "Avoid waterlogging; use Bt cotton for bollworm resistance"
    },
    {
      "name": "Chickpea",
      "icon": "🫛",
      "season": "Rabi (Winter)",
      "water": "Low",
      "days_to_harvest": 90,
      "soil": "Sandy Loam, Light",
      "temp_range": "15-25°C",
      "spacing": "30x10 cm",
      "fertilizer": "NPK 20:40:20 kg/ha",
      "common_pests": ["Pod Borer", "Wilt", "Root Rot"],
      "tips": "Drought tolerant; avoid excess moisture"
    },
    {
      "name": "Sugarcane",
      "icon": "🌱",
      "season": "Year-round",
      "water": "High",
      "days_to_harvest": 365,
      "soil": "Deep Loamy, Well-drained",
      "temp_range": "20-35°C",
      "spacing": "90 cm rows",
      "fertilizer": "NPK 250:100:100 kg/ha",
      "common_pests": ["Early Shoot Borer", "Pyrilla", "Red Rot"],
      "tips": "Ratoon crop possible for 2-3 seasons after first harvest"
    }
  ]
}
